latitude,longitude,elevation,utc_offset_seconds,timezone,timezone_abbreviation
26.18629,91.77632,60.0,19800,Asia/Kolkata,GMT+5:30

time,temperature_2m (°C),rain (mm),precipitation (mm),relative_humidity_2m (%),surface_pressure (hPa),dew_point_2m (°C),cloud_cover (%),wind_speed_10m (km/h),wind_gusts_10m (km/h),soil_moisture_0_to_1cm (m³/m³),soil_moisture_1_to_3cm (m³/m³),soil_moisture_3_to_9cm (m³/m³),soil_moisture_9_to_27cm (m³/m³),soil_moisture_27_to_81cm (m³/m³)
2026-09-07T00:00,27.1,0.20,0.20,97,1001.0,26.6,47,4.2,9.0,0.341,0.342,0.344,0.352,0.372
2026-09-07T01:00,27.0,0.00,0.00,97,1000.3,26.5,51,2.5,6.5,0.341,0.342,0.344,0.351,0.372
2026-09-07T02:00,26.7,0.00,0.00,98,999.8,26.4,34,4.7,8.3,0.341,0.341,0.344,0.351,0.372
2026-09-07T03:00,26.6,0.00,0.00,97,999.9,26.2,38,4.6,8.6,0.340,0.341,0.344,0.351,0.371
2026-09-07T04:00,26.5,0.00,0.00,98,1000.1,26.1,38,5.4,10.1,0.340,0.341,0.343,0.350,0.371
2026-09-07T05:00,27.6,0.00,0.00,88,1000.7,25.4,92,5.6,13.7,0.337,0.338,0.341,0.349,0.371
2026-09-07T06:00,28.0,0.00,0.00,86,1001.3,25.4,50,6.1,14.8,0.337,0.338,0.341,0.349,0.371
2026-09-07T07:00,28.9,0.00,0.00,82,1001.6,25.6,32,5.8,16.6,0.349,0.348,0.344,0.349,0.371
2026-09-07T08:00,29.5,0.00,0.10,80,1001.9,25.8,34,5.2,19.4,0.349,0.349,0.348,0.349,0.370
2026-09-07T09:00,30.6,0.10,0.10,76,1001.8,26.0,23,5.5,20.2,0.343,0.345,0.347,0.349,0.370
2026-09-07T10:00,31.2,0.10,0.20,73,1000.9,25.9,48,7.0,21.2,0.340,0.342,0.345,0.349,0.370
2026-09-07T11:00,32.0,0.10,0.20,68,999.7,25.4,23,8.2,23.0,0.337,0.340,0.343,0.349,0.369
2026-09-07T12:00,32.8,0.10,0.10,64,998.0,25.0,20,8.3,23.0,0.335,0.337,0.341,0.348,0.369
2026-09-07T13:00,33.0,0.00,0.00,61,996.4,24.6,14,9.2,25.2,0.334,0.336,0.339,0.347,0.369
2026-09-07T14:00,33.0,0.00,0.00,60,995.2,24.3,12,7.7,24.5,0.333,0.335,0.338,0.346,0.368
2026-09-07T15:00,32.8,0.00,0.00,60,994.8,24.1,17,7.7,20.2,0.333,0.334,0.337,0.345,0.368
2026-09-07T16:00,32.2,0.00,0.00,66,995.2,25.1,30,6.1,18.7,0.333,0.334,0.336,0.345,0.368
2026-09-07T17:00,30.8,0.00,0.00,76,996.6,26.0,50,5.8,12.2,0.333,0.334,0.336,0.344,0.367
2026-09-07T18:00,29.7,0.00,0.00,82,997.8,26.4,45,6.0,11.5,0.333,0.334,0.336,0.344,0.367
2026-09-07T19:00,27.2,0.00,1.70,92,999.6,25.9,84,13.1,23.8,0.343,0.341,0.338,0.344,0.367
2026-09-07T20:00,26.7,1.10,2.10,96,1000.4,26.1,63,7.2,25.2,0.344,0.344,0.343,0.344,0.367
2026-09-07T21:00,26.7,0.70,0.70,97,1000.3,26.1,41,3.4,13.3,0.340,0.341,0.343,0.345,0.366
2026-09-07T22:00,26.5,0.30,0.30,98,1000.2,26.2,48,5.2,10.1,0.357,0.354,0.345,0.345,0.366
2026-09-07T23:00,26.5,0.10,0.10,98,1000.0,26.1,86,4.3,9.7,0.358,0.359,0.356,0.347,0.366
2026-09-08T00:00,26.6,0.10,0.10,98,999.3,26.3,91,2.3,7.6,0.350,0.352,0.354,0.350,0.366
2026-09-08T01:00,26.7,0.00,0.00,97,999.0,26.2,79,1.2,4.3,0.348,0.350,0.352,0.351,0.366
2026-09-08T02:00,26.6,0.00,0.00,97,999.0,26.0,87,2.3,6.1,0.347,0.348,0.350,0.352,0.366
2026-09-08T03:00,26.3,0.00,0.20,93,998.8,25.2,73,4.6,11.9,0.359,0.358,0.354,0.353,0.366
2026-09-08T04:00,26.0,0.10,0.20,97,999.1,25.5,63,4.3,12.6,0.364,0.363,0.360,0.355,0.367
2026-09-08T05:00,25.8,0.10,0.10,96,999.7,25.2,63,4.8,9.7,0.365,0.367,0.366,0.358,0.367
2026-09-08T06:00,26.4,0.10,0.40,96,1000.2,25.6,100,3.5,11.5,0.358,0.359,0.363,0.361,0.367
2026-09-08T07:00,26.9,0.10,0.30,96,1000.6,26.2,100,5.4,15.8,0.355,0.356,0.360,0.362,0.368
2026-09-08T08:00,28.3,0.00,0.20,86,1001.3,25.7,98,5.2,16.9,0.352,0.354,0.357,0.363,0.368
2026-09-08T09:00,29.9,0.00,0.20,77,1001.1,25.5,100,3.7,17.3,0.356,0.356,0.355,0.362,0.369
2026-09-08T10:00,30.2,0.10,0.40,76,1000.5,25.4,100,5.0,17.6,0.356,0.357,0.358,0.362,0.369
2026-09-08T11:00,30.2,0.00,0.20,78,999.5,25.9,23,5.8,19.4,0.357,0.357,0.357,0.362,0.370
2026-09-08T12:00,31.4,0.00,0.10,74,998.1,26.3,14,3.9,19.8,0.355,0.357,0.359,0.362,0.370
2026-09-08T13:00,31.6,0.00,0.10,72,996.7,26.0,56,5.7,19.4,0.358,0.358,0.359,0.363,0.370
2026-09-08T14:00,29.6,0.00,2.60,83,995.9,26.4,85,4.8,21.2,0.351,0.353,0.357,0.363,0.371
2026-09-08T15:00,28.9,0.90,1.20,87,995.5,26.6,64,9.2,21.2,0.350,0.351,0.354,0.362,0.371
2026-09-08T16:00,28.1,0.30,0.50,88,995.6,26.0,54,7.8,20.9,0.355,0.356,0.356,0.362,0.371
2026-09-08T17:00,27.6,0.00,0.00,92,996.0,26.1,88,3.0,16.9,0.351,0.352,0.355,0.362,0.372
2026-09-08T18:00,27.2,0.00,0.00,95,997.6,26.3,90,3.8,6.8,0.350,0.351,0.354,0.361,0.372
2026-09-08T19:00,27.3,0.00,0.00,96,999.0,26.6,88,2.4,5.8,0.349,0.350,0.353,0.361,0.372
2026-09-08T20:00,27.1,0.10,0.20,98,1000.1,26.7,79,2.5,8.3,0.348,0.349,0.352,0.360,0.373
2026-09-08T21:00,26.8,0.50,0.50,96,999.9,26.1,56,5.1,12.2,0.347,0.348,0.351,0.359,0.373
2026-09-08T22:00,26.0,0.20,4.10,97,1000.8,25.5,100,1.5,8.3,0.347,0.348,0.350,0.359,0.373
2026-09-08T23:00,25.6,1.30,6.40,97,1000.2,25.1,98,4.1,13.3,0.346,0.347,0.350,0.358,0.373
2026-09-09T00:00,26.0,1.60,1.60,95,1000.1,25.1,98,1.5,6.8,0.345,0.346,0.349,0.357,0.373
2026-09-09T01:00,25.8,0.60,0.60,95,999.7,25.0,99,2.2,7.2,0.345,0.346,0.349,0.357,0.373
2026-09-09T02:00,25.6,0.10,0.10,97,998.8,25.0,95,3.5,6.8,0.344,0.345,0.348,0.356,0.374
2026-09-09T03:00,25.4,0.00,0.00,97,998.5,24.9,98,3.6,7.6,0.344,0.345,0.348,0.355,0.374
2026-09-09T04:00,25.4,0.00,0.00,96,998.8,24.8,98,5.3,11.2,0.350,0.349,0.350,0.355,0.374
2026-09-09T05:00,25.6,0.00,0.00,97,999.5,25.0,98,6.8,13.7,0.350,0.351,0.353,0.356,0.374
2026-09-09T06:00,26.4,0.00,0.00,93,1000.3,25.1,100,7.9,18.7,0.348,0.349,0.352,0.356,0.374
2026-09-09T07:00,27.5,0.00,0.00,88,1001.0,25.4,100,5.7,17.6,0.346,0.347,0.350,0.356,0.374
2026-09-09T08:00,28.5,0.00,0.10,85,1001.4,25.7,97,6.3,18.7,0.344,0.346,0.349,0.356,0.374
2026-09-09T09:00,29.4,0.00,0.20,81,1001.3,25.9,100,4.9,18.7,0.343,0.344,0.347,0.355,0.373
2026-09-09T10:00,29.8,0.00,0.20,80,1000.2,26.0,100,4.6,18.0,0.345,0.346,0.348,0.354,0.373
2026-09-09T11:00,30.8,0.00,0.20,76,999.2,26.2,100,1.7,18.0,0.346,0.347,0.348,0.354,0.373
2026-09-09T12:00,30.7,0.10,0.20,75,997.7,25.8,52,2.7,14.4,0.343,0.344,0.347,0.353,0.373
2026-09-09T13:00,31.0,0.20,0.50,73,996.3,25.7,60,2.4,14.0,0.342,0.343,0.346,0.353,0.373
2026-09-09T14:00,31.5,0.10,0.30,74,995.3,26.3,81,2.0,13.3,0.340,0.342,0.345,0.352,0.372
2026-09-09T15:00,31.1,0.00,0.00,78,994.9,26.8,100,3.6,13.7,0.340,0.341,0.344,0.351,0.372
2026-09-09T16:00,29.4,0.00,0.70,86,994.8,26.8,94,5.6,14.8,0.339,0.341,0.343,0.351,0.372
2026-09-09T17:00,28.7,0.10,0.10,91,996.1,27.1,91,3.8,15.1,0.339,0.340,0.343,0.350,0.372
2026-09-09T18:00,28.5,0.00,0.20,94,997.6,27.4,87,1.7,8.6,0.339,0.340,0.343,0.350,0.372
2026-09-09T19:00,28.5,0.00,0.20,94,999.0,27.5,81,2.3,5.4,0.339,0.340,0.342,0.350,0.371
2026-09-09T20:00,28.3,0.00,0.00,95,1000.2,27.4,92,2.7,5.4,0.339,0.340,0.342,0.349,0.371
2026-09-09T21:00,28.3,0.00,0.00,94,1000.3,27.3,99,1.7,5.4,0.339,0.340,0.342,0.349,0.371
2026-09-09T22:00,28.0,0.00,0.00,95,1000.2,27.2,84,2.7,4.7,0.339,0.340,0.342,0.349,0.371
2026-09-09T23:00,27.6,0.00,0.00,97,999.5,27.0,38,2.7,5.8,0.339,0.340,0.342,0.349,0.371
2026-09-10T00:00,27.5,0.00,0.00,97,999.2,26.9,58,4.4,6.5,0.344,0.344,0.343,0.348,0.370
2026-09-10T01:00,25.7,0.00,3.90,97,1000.0,25.2,100,7.8,16.2,0.343,0.344,0.346,0.349,0.370
2026-09-10T02:00,26.1,1.60,2.30,96,999.3,25.5,91,4.7,12.6,0.342,0.343,0.345,0.349,0.370
2026-09-10T03:00,26.0,0.50,0.50,97,999.7,25.5,99,4.1,11.5,0.341,0.342,0.344,0.349,0.370
2026-09-10T04:00,25.9,0.30,0.30,97,1000.2,25.4,96,8.0,16.6,0.341,0.342,0.344,0.349,0.370
2026-09-10T05:00,25.7,0.10,0.10,97,1000.1,25.3,99,7.7,16.9,0.340,0.341,0.343,0.349,0.370
2026-09-10T06:00,26.0,0.00,0.00,96,1000.6,25.3,100,10.5,21.6,0.340,0.341,0.343,0.349,0.370
2026-09-10T07:00,26.8,0.00,0.00,91,1001.0,25.2,99,9.8,24.1,0.339,0.340,0.342,0.349,0.369
2026-09-10T08:00,28.7,0.00,0.00,81,1001.3,25.0,99,8.8,23.4,0.337,0.339,0.341,0.348,0.369
2026-09-10T09:00,30.0,0.00,0.00,78,1001.5,25.7,100,9.3,24.8,0.335,0.337,0.340,0.347,0.369
2026-09-10T10:00,31.2,0.00,0.00,72,1000.8,25.6,100,8.0,24.1,0.333,0.335,0.338,0.346,0.368
2026-09-10T11:00,31.9,0.00,0.00,69,999.9,25.4,100,8.2,22.3,0.332,0.334,0.337,0.345,0.368
2026-09-10T12:00,33.0,0.00,0.00,63,998.5,25.1,80,8.9,25.6,0.330,0.332,0.336,0.344,0.368
2026-09-10T13:00,33.1,0.00,0.00,64,997.2,25.5,43,8.0,25.9,0.329,0.331,0.334,0.343,0.367
2026-09-10T14:00,33.2,0.00,0.00,63,996.2,25.2,70,8.3,23.4,0.329,0.330,0.333,0.342,0.367
2026-09-10T15:00,32.7,0.00,0.00,66,995.6,25.4,22,6.2,22.3,0.332,0.332,0.333,0.341,0.367
2026-09-10T16:00,32.0,0.00,0.00,71,995.3,26.1,38,4.5,16.2,0.336,0.334,0.333,0.341,0.366
2026-09-10T17:00,30.9,0.00,0.00,81,996.4,27.3,23,0.9,9.0,0.338,0.336,0.333,0.341,0.366
2026-09-10T18:00,29.9,0.00,0.00,88,997.8,27.8,9,1.2,3.6,0.337,0.336,0.334,0.341,0.366
2026-09-10T19:00,29.5,0.00,0.00,91,999.4,27.9,60,1.0,2.9,0.336,0.336,0.336,0.341,0.365
2026-09-10T20:00,29.0,0.00,0.00,94,1000.4,28.0,82,1.0,2.5,0.334,0.335,0.337,0.341,0.365
2026-09-10T21:00,28.7,0.00,0.00,96,1001.0,28.0,70,1.2,3.2,0.334,0.335,0.337,0.341,0.365
2026-09-10T22:00,28.5,0.00,0.00,97,1001.2,28.1,73,3.3,6.8,0.334,0.334,0.336,0.342,0.364
2026-09-10T23:00,28.3,0.00,0.00,98,1001.1,27.9,41,4.4,8.3,0.334,0.334,0.336,0.342,0.364
2026-09-11T00:00,28.2,0.00,0.00,97,1000.7,27.6,46,5.5,10.1,0.334,0.334,0.336,0.342,0.364
2026-09-11T01:00,28.1,0.00,0.00,95,1000.2,27.2,59,6.3,11.5,0.333,0.334,0.336,0.342,0.364
2026-09-11T02:00,27.9,0.00,0.00,93,999.9,26.8,66,6.4,12.6,0.333,0.334,0.336,0.342,0.364
2026-09-11T03:00,27.6,0.00,0.00,94,1000.2,26.5,57,4.5,12.2,0.333,0.334,0.336,0.342,0.364
2026-09-11T04:00,27.2,0.00,0.00,94,1000.8,26.2,41,2.5,11.2,0.333,0.334,0.336,0.342,0.363
2026-09-11T05:00,27.3,0.00,0.00,93,1001.3,26.1,36,3.4,11.5,0.333,0.334,0.336,0.342,0.363
2026-09-11T06:00,28.2,0.00,0.10,89,1001.8,26.2,52,5.8,15.1,0.333,0.334,0.336,0.342,0.363
2026-09-11T07:00,29.5,0.00,0.10,84,1002.3,26.5,79,8.3,20.5,0.332,0.333,0.336,0.341,0.363
2026-09-11T08:00,30.7,0.00,0.10,80,1002.5,26.7,99,9.9,24.5,0.331,0.332,0.335,0.341,0.363
2026-09-11T09:00,31.7,0.00,0.00,75,1002.2,26.8,100,10.3,25.9,0.329,0.330,0.334,0.340,0.363
2026-09-11T10:00,32.6,0.00,0.00,71,1001.7,26.7,100,10.2,26.3,0.326,0.329,0.332,0.340,0.362
2026-09-11T11:00,33.3,0.00,0.00,68,1001.0,26.6,99,9.8,26.3,0.326,0.328,0.331,0.339,0.362
2026-09-11T12:00,33.9,0.00,0.10,66,999.9,26.6,99,7.7,26.3,0.329,0.329,0.330,0.338,0.362
2026-09-11T13:00,34.2,0.00,0.10,64,998.7,26.5,100,4.9,25.9,0.335,0.332,0.329,0.337,0.361
2026-09-11T14:00,33.8,0.00,0.10,65,998.0,26.4,99,2.4,25.9,0.339,0.334,0.330,0.337,0.361
2026-09-11T15:00,32.1,0.20,0.30,71,998.0,26.3,96,1.6,27.4,0.340,0.336,0.334,0.338,0.361
2026-09-11T16:00,29.7,0.20,0.30,81,998.4,26.2,92,3.4,29.2,0.340,0.339,0.339,0.340,0.360
2026-09-11T17:00,28.0,0.20,0.30,90,999.1,26.1,90,4.2,28.8,0.339,0.340,0.342,0.341,0.360
2026-09-11T18:00,27.4,0.00,0.00,92,1000.1,26.1,92,2.9,23.8,0.337,0.338,0.341,0.341,0.360
2026-09-11T19:00,27.5,0.00,0.00,92,1001.3,26.1,95,0.6,16.2,0.334,0.335,0.339,0.342,0.360
2026-09-11T20:00,27.5,0.00,0.00,92,1002.1,26.1,96,1.9,10.8,0.336,0.337,0.339,0.342,0.360
2026-09-11T21:00,27.4,0.00,0.00,93,1002.3,26.3,90,4.0,10.1,0.348,0.348,0.345,0.343,0.360
2026-09-11T22:00,27.3,0.00,0.00,95,1002.1,26.5,80,6.0,11.5,0.366,0.363,0.354,0.343,0.360
2026-09-11T23:00,27.1,0.00,0.00,97,1001.9,26.5,76,6.3,13.3,0.377,0.373,0.361,0.345,0.360
2026-09-12T00:00,26.7,0.10,1.40,97,1001.9,26.2,82,2.8,15.1,0.376,0.372,0.362,0.348,0.360
2026-09-12T01:00,26.1,0.10,1.40,97,1001.8,25.7,92,3.2,16.9,0.369,0.365,0.361,0.352,0.361
2026-09-12T02:00,25.6,0.10,1.40,98,1002.0,25.2,100,7.0,18.4,0.366,0.362,0.362,0.356,0.361
2026-09-12T03:00,25.2,0.70,2.60,98,1002.5,24.8,100,7.5,19.1,0.371,0.368,0.369,0.361,0.361
2026-09-12T04:00,25.0,0.70,2.60,97,1003.1,24.4,100,7.0,19.4,0.379,0.378,0.379,0.366,0.362
2026-09-12T05:00,24.9,0.70,2.60,96,1003.7,24.2,100,6.3,19.1,0.384,0.384,0.385,0.371,0.363
2026-09-12T06:00,25.0,1.10,1.20,96,1004.4,24.4,100,4.3,18.0,0.382,0.383,0.384,0.376,0.365
2026-09-12T07:00,25.3,1.10,1.20,96,1005.0,24.7,100,1.2,16.2,0.377,0.378,0.379,0.381,0.367
2026-09-12T08:00,26.0,1.10,1.20,94,1005.2,24.9,100,1.5,14.8,0.373,0.374,0.375,0.384,0.369
2026-09-12T09:00,27.3,0.10,0.10,87,1004.7,25.0,100,1.9,13.7,0.371,0.372,0.373,0.385,0.371
2026-09-12T10:00,29.0,0.10,0.10,79,1003.9,24.9,100,1.6,13.0,0.369,0.370,0.372,0.384,0.373
2026-09-12T11:00,30.2,0.10,0.10,73,1002.9,24.9,100,1.5,12.2,0.367,0.368,0.370,0.383,0.375
2026-09-12T12:00,30.8,0.00,0.00,71,1001.7,25.0,99,1.9,12.2,0.363,0.364,0.367,0.381,0.377
2026-09-12T13:00,31.0,0.00,0.00,71,1000.5,25.1,98,2.4,12.6,0.359,0.360,0.363,0.377,0.378
2026-09-12T14:00,30.9,0.00,0.00,72,999.7,25.2,97,2.4,12.6,0.355,0.356,0.360,0.374,0.379
2026-09-12T15:00,30.2,0.10,0.20,76,999.6,25.5,96,1.9,12.6,0.353,0.354,0.358,0.371,0.380
2026-09-12T16:00,29.2,0.10,0.20,82,999.9,25.8,95,3.4,12.6,0.352,0.353,0.357,0.369,0.381
2026-09-12T17:00,28.4,0.10,0.20,88,1000.5,26.1,95,4.3,12.2,0.351,0.352,0.356,0.367,0.381
2026-09-12T18:00,28.0,0.10,0.10,91,1001.4,26.4,95,3.3,11.2,0.350,0.351,0.355,0.365,0.381
2026-09-12T19:00,27.9,0.10,0.10,93,1002.5,26.6,95,3.1,9.4,0.350,0.351,0.354,0.363,0.381
2026-09-12T20:00,27.6,0.10,0.10,95,1003.3,26.7,96,3.6,9.0,0.349,0.350,0.353,0.362,0.381
2026-09-12T21:00,27.2,0.10,0.40,95,1003.7,26.4,97,1.2,10.8,0.348,0.349,0.352,0.361,0.381
2026-09-12T22:00,26.7,0.10,0.40,96,1003.9,26.0,99,3.2,13.7,0.347,0.348,0.351,0.360,0.381
2026-09-12T23:00,26.3,0.10,0.40,96,1003.9,25.7,100,6.3,15.5,0.347,0.348,0.350,0.359,0.381
2026-09-13T00:00,26.0,0.40,0.40,97,1003.5,25.5,100,7.2,15.5,0.349,0.349,0.350,0.358,0.381
2026-09-13T01:00,25.8,0.40,0.40,98,1003.0,25.4,99,7.0,14.8,0.351,0.352,0.350,0.357,0.381
2026-09-13T02:00,25.5,0.40,0.40,98,1002.8,25.2,98,6.7,14.0,0.353,0.353,0.351,0.357,0.381
2026-09-13T03:00,25.1,0.50,1.80,99,1004.7,24.9,100,7.3,14.8,0.353,0.353,0.352,0.357,0.381
2026-09-13T04:00,24.9,0.50,1.80,99,1004.8,24.8,100,7.1,14.4,0.351,0.352,0.353,0.358,0.380
2026-09-13T05:00,25.0,0.50,1.80,98,1004.8,24.6,100,6.9,14.4,0.350,0.351,0.354,0.358,0.380
2026-09-13T06:00,25.4,0.50,0.50,95,1004.8,24.5,100,6.4,14.8,0.349,0.350,0.353,0.358,0.380
2026-09-13T07:00,26.0,0.50,0.50,91,1004.7,24.5,100,5.9,15.1,0.347,0.348,0.352,0.357,0.379
2026-09-13T08:00,26.7,0.50,0.50,87,1004.6,24.4,100,5.2,15.5,0.346,0.347,0.350,0.357,0.379
2026-09-13T09:00,27.5,0.50,0.50,83,1004.4,24.4,100,4.4,15.8,0.345,0.346,0.349,0.356,0.379
2026-09-13T10:00,28.1,0.50,0.50,80,1004.2,24.4,99,3.7,16.2,0.344,0.345,0.348,0.356,0.379
2026-09-13T11:00,28.6,0.50,0.50,79,1004.0,24.5,99,3.1,16.6,0.343,0.345,0.347,0.355,0.379
2026-09-13T12:00,28.9,0.00,0.00,78,1003.5,24.7,98,2.7,16.6,0.344,0.345,0.346,0.354,0.378
2026-09-13T13:00,29.2,0.00,0.00,78,1002.8,25.0,98,2.5,16.6,0.345,0.345,0.345,0.353,0.378
2026-09-13T14:00,29.4,0.00,0.00,79,1002.1,25.3,97,2.7,16.6,0.345,0.345,0.345,0.352,0.377
2026-09-13T15:00,29.5,0.00,0.00,80,1001.4,25.6,96,3.3,16.6,0.344,0.344,0.345,0.352,0.377
2026-09-13T16:00,29.5,0.00,0.00,81,1000.9,25.9,95,3.6,16.2,0.342,0.343,0.345,0.351,0.376
2026-09-13T17:00,29.4,0.00,0.00,82,1000.7,26.1,95,3.6,15.5,0.341,0.342,0.345,0.351,0.376
2026-09-13T18:00,29.2,0.00,0.00,84,1000.9,26.2,95,3.2,14.4,0.341,0.341,0.345,0.351,0.376
2026-09-13T19:00,28.8,0.00,0.00,87,1001.4,26.3,97,2.6,13.0,0.341,0.341,0.344,0.350,0.375
2026-09-13T20:00,28.3,0.00,0.00,89,1002.1,26.4,98,1.8,11.5,0.341,0.341,0.344,0.350,0.375
2026-09-13T21:00,27.9,0.00,0.00,92,1002.9,26.4,99,1.4,10.1,0.341,0.341,0.344,0.350,0.375
2026-09-13T22:00,27.4,0.00,0.00,94,1003.4,26.4,100,1.6,8.6,0.340,0.341,0.343,0.350,0.374
2026-09-13T23:00,27.1,0.00,0.00,96,1003.8,26.4,99,2.3,7.9,0.340,0.341,0.343,0.350,0.374
